t,HUM,MCD
2023-01-03 05:00:00+00:00,500.49,264.33
2023-01-04 05:00:00+00:00,492.12,264.39
2023-01-05 05:00:00+00:00,488.02,262.16
2023-01-06 05:00:00+00:00,492.54,269.47
2023-01-09 05:00:00+00:00,481.71,267.25
2023-01-10 05:00:00+00:00,481.59,268.91
2023-01-11 05:00:00+00:00,493.0,268.81
2023-01-12 05:00:00+00:00,494.29,266.69
2023-01-13 05:00:00+00:00,491.36,268.89
2023-01-17 05:00:00+00:00,490.46,274.11
2023-01-18 05:00:00+00:00,484.75,266.04
2023-01-19 05:00:00+00:00,491.72,263.58
2023-01-20 05:00:00+00:00,497.3,268.58
2023-01-23 05:00:00+00:00,494.55,269.29
2023-01-24 05:00:00+00:00,500.35,269.56
2023-01-25 05:00:00+00:00,502.22,273.0
2023-01-26 05:00:00+00:00,499.36,274.72
2023-01-27 05:00:00+00:00,481.69,272.46
2023-01-30 05:00:00+00:00,484.91,270.89
2023-01-31 05:00:00+00:00,511.7,267.4
2023-02-01 05:00:00+00:00,513.28,266.27
2023-02-02 05:00:00+00:00,489.77,263.21
2023-02-03 05:00:00+00:00,476.57,264.23
2023-02-06 05:00:00+00:00,486.22,267.92
2023-02-07 05:00:00+00:00,481.0,267.34
2023-02-08 05:00:00+00:00,494.21,262.82
2023-02-09 05:00:00+00:00,491.93,260.66
2023-02-10 05:00:00+00:00,498.62,262.42
2023-02-13 05:00:00+00:00,501.94,266.2
2023-02-14 05:00:00+00:00,501.68,266.61
2023-02-15 05:00:00+00:00,498.32,266.56
2023-02-16 05:00:00+00:00,505.69,265.83
2023-02-17 05:00:00+00:00,510.14,269.99
2023-02-21 05:00:00+00:00,503.38,268.55
2023-02-22 05:00:00+00:00,503.59,268.64
2023-02-23 05:00:00+00:00,510.65,266.78
2023-02-24 05:00:00+00:00,507.42,263.68
2023-02-27 05:00:00+00:00,506.51,264.78
2023-02-28 05:00:00+00:00,495.02,263.91
2023-03-01 05:00:00+00:00,496.15,262.72
2023-03-02 05:00:00+00:00,495.76,267.57
2023-03-03 05:00:00+00:00,500.21,269.07
2023-03-06 05:00:00+00:00,499.07,270.64
2023-03-07 05:00:00+00:00,496.04,267.13
2023-03-08 05:00:00+00:00,489.31,265.33
2023-03-09 05:00:00+00:00,486.33,261.63
2023-03-10 05:00:00+00:00,479.66,262.03
2023-03-13 04:00:00+00:00,482.48,263.08
2023-03-14 04:00:00+00:00,481.97,265.9
2023-03-15 04:00:00+00:00,483.87,266.34
2023-03-16 04:00:00+00:00,494.38,270.57
2023-03-17 04:00:00+00:00,495.55,267.2
2023-03-20 04:00:00+00:00,494.39,270.74
2023-03-21 04:00:00+00:00,500.87,270.21
2023-03-22 04:00:00+00:00,498.33,267.87
2023-03-23 04:00:00+00:00,491.35,269.62
2023-03-24 04:00:00+00:00,502.43,271.33
2023-03-27 04:00:00+00:00,506.99,273.84
2023-03-28 04:00:00+00:00,483.41,275.85
2023-03-29 04:00:00+00:00,485.75,277.44
2023-03-30 04:00:00+00:00,488.36,277.79
2023-03-31 04:00:00+00:00,485.46,279.61
2023-04-03 04:00:00+00:00,510.25,282.14
2023-04-04 04:00:00+00:00,503.31,282.28
2023-04-05 04:00:00+00:00,516.23,282.02
2023-04-06 04:00:00+00:00,519.97,282.89
2023-04-10 04:00:00+00:00,524.56,283.78
2023-04-11 04:00:00+00:00,533.76,284.48
2023-04-12 04:00:00+00:00,532.05,285.3
2023-04-13 04:00:00+00:00,535.26,289.07
2023-04-14 04:00:00+00:00,523.83,288.98
2023-04-17 04:00:00+00:00,518.82,289.31
2023-04-18 04:00:00+00:00,512.68,290.91
2023-04-19 04:00:00+00:00,492.9,291.27
2023-04-20 04:00:00+00:00,490.31,291.0
2023-04-21 04:00:00+00:00,491.21,292.06
2023-04-24 04:00:00+00:00,501.73,293.2
2023-04-25 04:00:00+00:00,501.69,291.51
2023-04-26 04:00:00+00:00,505.47,289.76
2023-04-27 04:00:00+00:00,525.28,294.72
2023-04-28 04:00:00+00:00,530.49,295.75
2023-05-01 04:00:00+00:00,535.13,297.58
2023-05-02 04:00:00+00:00,533.06,298.07
2023-05-03 04:00:00+00:00,529.79,295.22
2023-05-04 04:00:00+00:00,528.5,295.16
2023-05-05 04:00:00+00:00,535.02,296.6
2023-05-08 04:00:00+00:00,535.96,296.69
2023-05-09 04:00:00+00:00,530.2,296.66
2023-05-10 04:00:00+00:00,529.63,296.57
2023-05-11 04:00:00+00:00,528.99,294.79
2023-05-12 04:00:00+00:00,527.35,296.14
2023-05-15 04:00:00+00:00,522.5,295.9
2023-05-16 04:00:00+00:00,518.35,294.15
2023-05-17 04:00:00+00:00,520.29,293.46
2023-05-18 04:00:00+00:00,513.87,294.05
2023-05-19 04:00:00+00:00,513.52,295.55
2023-05-22 04:00:00+00:00,513.98,289.35
2023-05-23 04:00:00+00:00,506.93,286.37
2023-05-24 04:00:00+00:00,506.63,285.92
2023-05-25 04:00:00+00:00,500.07,285.52
2023-05-26 04:00:00+00:00,496.6,286.04
2023-05-30 04:00:00+00:00,495.1,284.92
2023-05-31 04:00:00+00:00,501.87,285.11
2023-06-01 04:00:00+00:00,515.15,287.87
2023-06-02 04:00:00+00:00,520.78,289.91
2023-06-05 04:00:00+00:00,523.94,288.43
2023-06-06 04:00:00+00:00,511.12,284.54
2023-06-07 04:00:00+00:00,504.69,281.9
2023-06-08 04:00:00+00:00,509.83,285.78
2023-06-09 04:00:00+00:00,513.34,286.79
2023-06-12 04:00:00+00:00,513.23,288.57
2023-06-13 04:00:00+00:00,512.63,288.55
2023-06-14 04:00:00+00:00,455.0,288.44
2023-06-15 04:00:00+00:00,463.85,292.61
2023-06-16 04:00:00+00:00,445.65,293.7
2023-06-20 04:00:00+00:00,446.71,293.04
2023-06-21 04:00:00+00:00,452.71,294.52
2023-06-22 04:00:00+00:00,456.44,293.3
2023-06-23 04:00:00+00:00,445.95,289.91
2023-06-26 04:00:00+00:00,446.4,289.09
2023-06-27 04:00:00+00:00,445.92,291.3
2023-06-28 04:00:00+00:00,444.83,291.74
2023-06-29 04:00:00+00:00,443.86,294.47
2023-06-30 04:00:00+00:00,447.13,298.41
2023-07-03 04:00:00+00:00,446.27,294.84
2023-07-05 04:00:00+00:00,444.99,296.9
2023-07-06 04:00:00+00:00,440.99,294.92
2023-07-07 04:00:00+00:00,430.14,292.1
2023-07-10 04:00:00+00:00,434.7,294.49
2023-07-11 04:00:00+00:00,437.22,294.74
2023-07-12 04:00:00+00:00,425.08,295.61
2023-07-13 04:00:00+00:00,424.29,295.22
2023-07-14 04:00:00+00:00,434.93,294.94
2023-07-17 04:00:00+00:00,434.41,294.68
2023-07-18 04:00:00+00:00,440.73,293.82
2023-07-19 04:00:00+00:00,447.26,294.13
2023-07-20 04:00:00+00:00,447.41,297.13
2023-07-21 04:00:00+00:00,456.89,295.61
2023-07-24 04:00:00+00:00,453.44,295.31
2023-07-25 04:00:00+00:00,454.34,292.36
2023-07-26 04:00:00+00:00,448.21,291.75
2023-07-27 04:00:00+00:00,451.0,295.19
2023-07-28 04:00:00+00:00,453.3,294.03
2023-07-31 04:00:00+00:00,456.83,293.2
2023-08-01 04:00:00+00:00,458.11,291.07
2023-08-02 04:00:00+00:00,483.75,289.62
2023-08-03 04:00:00+00:00,487.15,291.02
2023-08-04 04:00:00+00:00,484.28,287.02
2023-08-07 04:00:00+00:00,494.67,291.4
2023-08-08 04:00:00+00:00,493.22,289.58
2023-08-09 04:00:00+00:00,493.38,288.23
2023-08-10 04:00:00+00:00,495.03,287.6
2023-08-11 04:00:00+00:00,493.91,288.62
2023-08-14 04:00:00+00:00,497.21,288.81
2023-08-15 04:00:00+00:00,495.31,288.3
2023-08-16 04:00:00+00:00,494.66,285.4
2023-08-17 04:00:00+00:00,488.74,281.86
2023-08-18 04:00:00+00:00,490.39,281.74
2023-08-21 04:00:00+00:00,491.28,280.04
2023-08-22 04:00:00+00:00,484.19,280.31
2023-08-23 04:00:00+00:00,481.43,281.87
2023-08-24 04:00:00+00:00,482.63,282.35
2023-08-25 04:00:00+00:00,478.94,284.58
2023-08-28 04:00:00+00:00,480.64,283.68
2023-08-29 04:00:00+00:00,481.3,283.59
2023-08-30 04:00:00+00:00,475.26,284.24
2023-08-31 04:00:00+00:00,461.63,281.15
2023-09-01 04:00:00+00:00,460.61,280.94
2023-09-05 04:00:00+00:00,470.22,279.16
2023-09-06 04:00:00+00:00,465.07,275.44
2023-09-07 04:00:00+00:00,471.98,278.33
2023-09-08 04:00:00+00:00,467.73,279.22
2023-09-11 04:00:00+00:00,467.18,279.76
2023-09-12 04:00:00+00:00,469.07,280.71
2023-09-13 04:00:00+00:00,472.5,281.77
2023-09-14 04:00:00+00:00,471.57,284.76
2023-09-15 04:00:00+00:00,470.77,278.23
2023-09-18 04:00:00+00:00,474.02,277.72
2023-09-19 04:00:00+00:00,473.8,278.13
2023-09-20 04:00:00+00:00,484.77,277.2
2023-09-21 04:00:00+00:00,494.06,271.22
2023-09-22 04:00:00+00:00,494.06,272.22
2023-09-25 04:00:00+00:00,501.07,269.78
2023-09-26 04:00:00+00:00,493.0,267.72
2023-09-27 04:00:00+00:00,493.57,263.64
2023-09-28 04:00:00+00:00,495.21,265.59
2023-09-29 04:00:00+00:00,486.52,263.44
2023-10-02 04:00:00+00:00,491.74,257.75
2023-10-03 04:00:00+00:00,488.44,254.49
2023-10-04 04:00:00+00:00,485.78,255.81
2023-10-05 04:00:00+00:00,488.98,252.23
2023-10-06 04:00:00+00:00,498.17,248.22
2023-10-09 04:00:00+00:00,501.54,249.92
2023-10-10 04:00:00+00:00,500.4,251.52
2023-10-11 04:00:00+00:00,493.42,250.92
2023-10-12 04:00:00+00:00,499.81,246.19
2023-10-13 04:00:00+00:00,505.97,248.31
2023-10-16 04:00:00+00:00,524.21,249.94
2023-10-17 04:00:00+00:00,519.87,251.14
2023-10-18 04:00:00+00:00,521.69,256.03
2023-10-19 04:00:00+00:00,522.72,258.38
2023-10-20 04:00:00+00:00,521.15,258.11
2023-10-23 04:00:00+00:00,515.48,254.75
2023-10-24 04:00:00+00:00,516.35,257.27
2023-10-25 04:00:00+00:00,522.77,258.03
2023-10-26 04:00:00+00:00,513.37,255.83
2023-10-27 04:00:00+00:00,510.19,255.76
2023-10-30 04:00:00+00:00,517.97,260.15
2023-10-31 04:00:00+00:00,523.69,262.17
2023-11-01 04:00:00+00:00,489.36,261.97
2023-11-02 04:00:00+00:00,481.4,266.85
2023-11-03 04:00:00+00:00,477.01,267.87
2023-11-06 05:00:00+00:00,487.31,268.91
2023-11-07 05:00:00+00:00,498.18,268.67
2023-11-08 05:00:00+00:00,488.26,267.49
2023-11-09 05:00:00+00:00,495.18,266.91
2023-11-10 05:00:00+00:00,493.11,267.79
2023-11-13 05:00:00+00:00,497.15,269.2
2023-11-14 05:00:00+00:00,501.95,271.49
2023-11-15 05:00:00+00:00,506.79,270.39
2023-11-16 05:00:00+00:00,512.91,276.12
2023-11-17 05:00:00+00:00,498.09,275.75
2023-11-20 05:00:00+00:00,501.79,279.03
2023-11-21 05:00:00+00:00,507.07,280.47
2023-11-22 05:00:00+00:00,515.6,281.93
2023-11-24 05:00:00+00:00,518.26,282.54
2023-11-27 05:00:00+00:00,510.71,281.84
2023-11-28 05:00:00+00:00,510.45,282.09
2023-11-29 05:00:00+00:00,482.41,280.38
2023-11-30 05:00:00+00:00,484.86,281.84
2023-12-01 05:00:00+00:00,495.21,285.96
2023-12-04 05:00:00+00:00,491.98,286.13
2023-12-05 05:00:00+00:00,500.35,286.54
2023-12-06 05:00:00+00:00,483.8,286.86
2023-12-07 05:00:00+00:00,480.3,286.79
2023-12-08 05:00:00+00:00,481.62,285.53
2023-12-11 05:00:00+00:00,476.61,289.15
2023-12-12 05:00:00+00:00,481.94,291.42
2023-12-13 05:00:00+00:00,488.09,295.93
2023-12-14 05:00:00+00:00,469.05,290.02
2023-12-15 05:00:00+00:00,461.46,287.27
2023-12-18 05:00:00+00:00,460.03,290.23
2023-12-19 05:00:00+00:00,463.58,290.73
2023-12-20 05:00:00+00:00,451.89,288.99
2023-12-21 05:00:00+00:00,453.94,291.39
2023-12-22 05:00:00+00:00,453.2,291.7
2023-12-26 05:00:00+00:00,452.83,292.86
2023-12-27 05:00:00+00:00,451.42,294.55
2023-12-28 05:00:00+00:00,455.61,295.84
2023-12-29 05:00:00+00:00,457.81,296.51
2024-01-02 05:00:00+00:00,470.1,297.04
2024-01-03 05:00:00+00:00,464.52,294.39
2024-01-04 05:00:00+00:00,466.54,291.74
2024-01-05 05:00:00+00:00,458.27,288.99
2024-01-08 05:00:00+00:00,460.74,291.9
2024-01-09 05:00:00+00:00,459.3,290.87
2024-01-10 05:00:00+00:00,459.08,294.09
2024-01-11 05:00:00+00:00,454.99,294.15
2024-01-12 05:00:00+00:00,438.71,293.47
2024-01-16 05:00:00+00:00,438.79,291.09
2024-01-17 05:00:00+00:00,447.76,291.16
2024-01-18 05:00:00+00:00,411.98,294.36
2024-01-19 05:00:00+00:00,401.53,300.53
2024-01-22 05:00:00+00:00,409.65,298.41
2024-01-23 05:00:00+00:00,407.52,300.05
2024-01-24 05:00:00+00:00,402.4,300.44
2024-01-25 05:00:00+00:00,355.36,297.21
2024-01-26 05:00:00+00:00,361.23,292.26
2024-01-29 05:00:00+00:00,365.94,292.31
2024-01-30 05:00:00+00:00,376.83,294.65
2024-01-31 05:00:00+00:00,378.06,292.72
2024-02-01 05:00:00+00:00,375.82,298.08
2024-02-02 05:00:00+00:00,378.87,297.05
2024-02-05 05:00:00+00:00,361.02,285.97
2024-02-06 05:00:00+00:00,366.35,284.65
2024-02-07 05:00:00+00:00,368.57,287.33
2024-02-08 05:00:00+00:00,367.8,291.93
2024-02-09 05:00:00+00:00,370.28,289.47
2024-02-12 05:00:00+00:00,369.14,289.44
2024-02-13 05:00:00+00:00,364.48,287.11
2024-02-14 05:00:00+00:00,362.29,288.17
2024-02-15 05:00:00+00:00,363.98,291.86
2024-02-16 05:00:00+00:00,366.92,292.02
2024-02-20 05:00:00+00:00,367.14,292.65
2024-02-21 05:00:00+00:00,367.6,293.91
2024-02-22 05:00:00+00:00,368.08,295.92
2024-02-23 05:00:00+00:00,362.91,297.75
2024-02-26 05:00:00+00:00,359.95,297.12
2024-02-27 05:00:00+00:00,362.7,293.76
2024-02-28 05:00:00+00:00,351.16,295.19
2024-02-29 05:00:00+00:00,350.32,292.28
2024-03-01 05:00:00+00:00,352.03,290.73
2024-03-04 05:00:00+00:00,346.83,290.94
2024-03-05 05:00:00+00:00,337.92,292.54
2024-03-06 05:00:00+00:00,339.08,292.93
2024-03-07 05:00:00+00:00,340.72,291.11
2024-03-08 05:00:00+00:00,339.35,292.55
2024-03-11 04:00:00+00:00,347.0,294.82
2024-03-12 04:00:00+00:00,345.15,294.31
2024-03-13 04:00:00+00:00,345.2,282.86
2024-03-14 04:00:00+00:00,348.89,281.73
2024-03-15 04:00:00+00:00,348.15,279.14
2024-03-18 04:00:00+00:00,347.19,278.58
2024-03-19 04:00:00+00:00,351.59,282.87
2024-03-20 04:00:00+00:00,348.19,284.45
2024-03-21 04:00:00+00:00,347.39,283.53
2024-03-22 04:00:00+00:00,348.54,282.63
2024-03-25 04:00:00+00:00,347.09,278.62
2024-03-26 04:00:00+00:00,348.38,278.62
2024-03-27 04:00:00+00:00,349.5,282.02
2024-03-28 04:00:00+00:00,346.72,281.95
2024-04-01 04:00:00+00:00,351.45,280.22
2024-04-02 04:00:00+00:00,304.33,277.74
2024-04-03 04:00:00+00:00,308.06,275.54
2024-04-04 04:00:00+00:00,310.04,270.09
2024-04-05 04:00:00+00:00,313.11,266.69
2024-04-08 04:00:00+00:00,317.0,267.56
2024-04-09 04:00:00+00:00,319.62,269.44
2024-04-10 04:00:00+00:00,319.17,268.67
2024-04-11 04:00:00+00:00,316.29,268.62
2024-04-12 04:00:00+00:00,312.59,267.39
2024-04-15 04:00:00+00:00,314.64,266.23
2024-04-16 04:00:00+00:00,317.52,265.43
2024-04-17 04:00:00+00:00,323.46,269.95
2024-04-18 04:00:00+00:00,324.83,270.98
2024-04-19 04:00:00+00:00,328.33,271.99
2024-04-22 04:00:00+00:00,325.3,275.58
2024-04-23 04:00:00+00:00,327.98,276.88
2024-04-24 04:00:00+00:00,315.98,276.75
2024-04-25 04:00:00+00:00,311.41,275.6
2024-04-26 04:00:00+00:00,305.9,273.09
2024-04-29 04:00:00+00:00,303.15,273.55
2024-04-30 04:00:00+00:00,302.09,273.04
2024-05-01 04:00:00+00:00,314.21,274.43
2024-05-02 04:00:00+00:00,320.98,273.28
2024-05-03 04:00:00+00:00,320.54,270.32
2024-05-06 04:00:00+00:00,319.23,269.3
2024-05-07 04:00:00+00:00,324.63,267.5
2024-05-08 04:00:00+00:00,324.14,268.49
2024-05-09 04:00:00+00:00,334.68,267.95
2024-05-10 04:00:00+00:00,335.59,275.0
2024-05-13 04:00:00+00:00,339.58,271.32
2024-05-14 04:00:00+00:00,344.5,270.66
2024-05-15 04:00:00+00:00,347.15,273.87
2024-05-16 04:00:00+00:00,355.19,273.51
2024-05-17 04:00:00+00:00,356.2,272.38
2024-05-20 04:00:00+00:00,355.22,267.87
2024-05-21 04:00:00+00:00,355.63,265.87
2024-05-22 04:00:00+00:00,356.6,265.77
2024-05-23 04:00:00+00:00,352.22,257.93
2024-05-24 04:00:00+00:00,349.3,258.11
2024-05-28 04:00:00+00:00,349.21,253.54
2024-05-29 04:00:00+00:00,345.31,249.37
2024-05-30 04:00:00+00:00,347.38,252.07
2024-05-31 04:00:00+00:00,358.12,258.89
2024-06-03 04:00:00+00:00,364.2,259.75
2024-06-04 04:00:00+00:00,360.87,262.72
2024-06-05 04:00:00+00:00,361.0,259.99
2024-06-06 04:00:00+00:00,355.43,260.72
2024-06-07 04:00:00+00:00,351.8,256.21
2024-06-10 04:00:00+00:00,349.34,253.81
2024-06-11 04:00:00+00:00,351.77,254.28
2024-06-12 04:00:00+00:00,352.38,254.48
2024-06-13 04:00:00+00:00,358.1,253.7
2024-06-14 04:00:00+00:00,358.93,253.58
2024-06-17 04:00:00+00:00,355.25,253.51
2024-06-18 04:00:00+00:00,349.55,250.79
2024-06-20 04:00:00+00:00,357.42,253.8
2024-06-21 04:00:00+00:00,355.48,259.39
2024-06-24 04:00:00+00:00,358.04,260.38
2024-06-25 04:00:00+00:00,355.8,257.38
2024-06-26 04:00:00+00:00,361.09,257.83
2024-06-27 04:00:00+00:00,362.98,258.17
2024-06-28 04:00:00+00:00,373.65,254.84
2024-07-01 04:00:00+00:00,373.49,249.99
2024-07-02 04:00:00+00:00,374.82,247.79
2024-07-03 04:00:00+00:00,362.85,250.0
2024-07-05 04:00:00+00:00,368.82,251.09
2024-07-08 04:00:00+00:00,370.43,247.85
2024-07-09 04:00:00+00:00,373.36,245.82
2024-07-10 04:00:00+00:00,379.17,250.49
2024-07-11 04:00:00+00:00,379.73,254.8
2024-07-12 04:00:00+00:00,382.22,253.9
2024-07-15 04:00:00+00:00,384.21,251.53
2024-07-16 04:00:00+00:00,395.6,257.27
2024-07-17 04:00:00+00:00,402.17,261.0
2024-07-18 04:00:00+00:00,388.89,259.52
2024-07-19 04:00:00+00:00,387.38,257.28
2024-07-22 04:00:00+00:00,384.96,259.54
2024-07-23 04:00:00+00:00,385.87,254.05
2024-07-24 04:00:00+00:00,386.3,253.37
2024-07-25 04:00:00+00:00,386.4,251.46
2024-07-26 04:00:00+00:00,392.63,252.0
2024-07-29 04:00:00+00:00,392.12,261.42
2024-07-30 04:00:00+00:00,404.52,266.44
2024-07-31 04:00:00+00:00,361.61,265.4
2024-08-01 04:00:00+00:00,358.98,268.75
2024-08-02 04:00:00+00:00,363.62,276.69
2024-08-05 04:00:00+00:00,356.29,268.45
2024-08-06 04:00:00+00:00,355.25,270.06
2024-08-07 04:00:00+00:00,345.56,269.37
2024-08-08 04:00:00+00:00,350.32,271.19
2024-08-09 04:00:00+00:00,350.83,267.91
2024-08-12 04:00:00+00:00,348.29,269.46
2024-08-13 04:00:00+00:00,356.84,270.31
2024-08-14 04:00:00+00:00,356.38,271.15
2024-08-15 04:00:00+00:00,357.23,274.87
2024-08-16 04:00:00+00:00,350.36,278.49
2024-08-19 04:00:00+00:00,353.25,287.55
2024-08-20 04:00:00+00:00,356.98,285.63
2024-08-21 04:00:00+00:00,358.57,289.71
2024-08-22 04:00:00+00:00,354.75,289.21
2024-08-23 04:00:00+00:00,352.9,289.52
2024-08-26 04:00:00+00:00,353.0,288.68
2024-08-27 04:00:00+00:00,353.45,289.64
2024-08-28 04:00:00+00:00,352.43,287.05
2024-08-29 04:00:00+00:00,351.36,287.86
2024-08-30 04:00:00+00:00,354.47,288.66
2024-09-03 04:00:00+00:00,363.53,285.52
2024-09-04 04:00:00+00:00,371.4,288.03
2024-09-05 04:00:00+00:00,365.14,287.97
2024-09-06 04:00:00+00:00,357.86,289.51
2024-09-09 04:00:00+00:00,343.76,291.29
2024-09-10 04:00:00+00:00,346.42,291.27
2024-09-11 04:00:00+00:00,328.19,290.23
2024-09-12 04:00:00+00:00,324.5,292.35
2024-09-13 04:00:00+00:00,321.56,296.53
2024-09-16 04:00:00+00:00,315.23,296.69
2024-09-17 04:00:00+00:00,311.8,293.75
2024-09-18 04:00:00+00:00,315.29,292.03
2024-09-19 04:00:00+00:00,312.0,293.85
2024-09-20 04:00:00+00:00,310.41,296.83
2024-09-23 04:00:00+00:00,312.77,299.06
2024-09-24 04:00:00+00:00,312.23,300.27
2024-09-25 04:00:00+00:00,311.95,300.47
2024-09-26 04:00:00+00:00,313.04,303.65
2024-09-27 04:00:00+00:00,319.57,303.69
2024-09-30 04:00:00+00:00,316.74,304.51
2024-10-01 04:00:00+00:00,279.45,302.98
2024-10-02 04:00:00+00:00,246.49,303.76
2024-10-03 04:00:00+00:00,241.78,303.45
2024-10-04 04:00:00+00:00,240.03,303.76
2024-10-07 04:00:00+00:00,236.29,300.85
2024-10-08 04:00:00+00:00,243.2,301.9
2024-10-09 04:00:00+00:00,245.45,303.83
2024-10-10 04:00:00+00:00,251.44,304.04
2024-10-11 04:00:00+00:00,258.07,305.04
2024-10-14 04:00:00+00:00,267.6,309.84
2024-10-15 04:00:00+00:00,257.6,313.34
2024-10-16 04:00:00+00:00,255.57,312.92
2024-10-17 04:00:00+00:00,266.34,314.7
2024-10-18 04:00:00+00:00,267.14,316.56
2024-10-21 04:00:00+00:00,260.57,314.89
2024-10-22 04:00:00+00:00,262.31,314.69
2024-10-23 04:00:00+00:00,258.65,298.57
2024-10-24 04:00:00+00:00,258.58,301.58
2024-10-25 04:00:00+00:00,260.73,292.61
2024-10-28 04:00:00+00:00,261.09,296.79
2024-10-29 04:00:00+00:00,257.77,295.0
2024-10-30 04:00:00+00:00,266.32,291.52
2024-10-31 04:00:00+00:00,257.83,292.11
2024-11-01 04:00:00+00:00,260.71,295.21
2024-11-04 05:00:00+00:00,255.55,292.85
2024-11-05 05:00:00+00:00,260.6,297.32
2024-11-06 05:00:00+00:00,288.51,294.0
2024-11-07 05:00:00+00:00,287.76,294.66
2024-11-08 05:00:00+00:00,288.12,298.97
2024-11-11 05:00:00+00:00,282.44,301.53
2024-11-12 05:00:00+00:00,280.06,298.65
2024-11-13 05:00:00+00:00,289.42,297.35
2024-11-14 05:00:00+00:00,283.14,298.56
2024-11-15 05:00:00+00:00,275.67,292.63
2024-11-18 05:00:00+00:00,271.35,291.1
2024-11-19 05:00:00+00:00,277.78,290.73
2024-11-20 05:00:00+00:00,293.97,290.91
2024-11-21 05:00:00+00:00,295.71,288.47
2024-11-22 05:00:00+00:00,298.11,290.28
2024-11-25 05:00:00+00:00,304.18,296.19
2024-11-26 05:00:00+00:00,295.59,296.33
2024-11-27 05:00:00+00:00,296.68,295.08
2024-11-29 05:00:00+00:00,296.38,296.01
2024-12-02 05:00:00+00:00,293.13,292.44
2024-12-03 05:00:00+00:00,291.13,294.5
2024-12-04 05:00:00+00:00,288.08,295.09
2024-12-05 05:00:00+00:00,283.06,299.47
2024-12-06 05:00:00+00:00,281.73,298.98
2024-12-09 05:00:00+00:00,286.24,301.37
2024-12-10 05:00:00+00:00,285.82,300.71
2024-12-11 05:00:00+00:00,278.2,296.1
2024-12-12 05:00:00+00:00,272.78,296.63
2024-12-13 05:00:00+00:00,274.12,296.6
2024-12-16 05:00:00+00:00,260.46,297.71
2024-12-17 05:00:00+00:00,233.89,296.08
2024-12-18 05:00:00+00:00,239.85,290.88
2024-12-19 05:00:00+00:00,235.78,290.23
2024-12-20 05:00:00+00:00,247.1,292.68
2024-12-23 05:00:00+00:00,255.74,291.29
2024-12-24 05:00:00+00:00,255.52,293.99
2024-12-26 05:00:00+00:00,256.14,294.8
2024-12-27 05:00:00+00:00,255.64,293.62
2024-12-30 05:00:00+00:00,254.26,289.6
2024-12-31 05:00:00+00:00,253.71,289.89
2025-01-02 05:00:00+00:00,252.65,292.51
2025-01-03 05:00:00+00:00,262.47,294.78
2025-01-06 05:00:00+00:00,264.29,292.18
2025-01-07 05:00:00+00:00,267.21,289.34
2025-01-08 05:00:00+00:00,268.13,286.9
2025-01-10 05:00:00+00:00,269.04,282.31
2025-01-13 05:00:00+00:00,287.36,283.63
2025-01-14 05:00:00+00:00,282.63,281.58
2025-01-15 05:00:00+00:00,279.49,282.3
2025-01-16 05:00:00+00:00,275.8,279.74
2025-01-17 05:00:00+00:00,282.63,280.95
2025-01-21 05:00:00+00:00,284.67,282.61
2025-01-22 05:00:00+00:00,284.92,281.35
2025-01-23 05:00:00+00:00,293.8,284.43
2025-01-24 05:00:00+00:00,294.63,285.46
2025-01-27 05:00:00+00:00,297.76,293.09
2025-01-28 05:00:00+00:00,303.11,291.15
2025-01-29 05:00:00+00:00,294.23,290.11
2025-01-30 05:00:00+00:00,296.91,290.32
2025-01-31 05:00:00+00:00,293.23,288.7
2025-02-03 05:00:00+00:00,293.0,290.05
2025-02-04 05:00:00+00:00,295.53,289.77
2025-02-05 05:00:00+00:00,290.53,288.83
2025-02-06 05:00:00+00:00,279.58,294.36
2025-02-07 05:00:00+00:00,274.33,294.3
2025-02-10 05:00:00+00:00,266.8,308.42
2025-02-11 05:00:00+00:00,257.34,310.21
2025-02-12 05:00:00+00:00,260.03,307.6
2025-02-13 05:00:00+00:00,252.88,310.02
2025-02-14 05:00:00+00:00,253.83,308.55
2025-02-18 05:00:00+00:00,257.24,304.83
2025-02-19 05:00:00+00:00,265.52,301.94
2025-02-20 05:00:00+00:00,271.3,303.05
2025-02-21 05:00:00+00:00,255.91,304.81
2025-02-24 05:00:00+00:00,255.0,307.57
2025-02-25 05:00:00+00:00,259.27,310.72
2025-02-26 05:00:00+00:00,255.07,304.27
2025-02-27 05:00:00+00:00,261.44,309.95
2025-02-28 05:00:00+00:00,270.42,308.33
2025-03-03 05:00:00+00:00,261.54,304.29
2025-03-04 05:00:00+00:00,262.78,305.77
2025-03-05 05:00:00+00:00,262.12,307.45
2025-03-06 05:00:00+00:00,265.76,310.37
2025-03-07 05:00:00+00:00,259.76,321.29
2025-03-10 04:00:00+00:00,251.25,317.25
2025-03-11 04:00:00+00:00,250.2,306.76
2025-03-12 04:00:00+00:00,249.11,299.4
2025-03-13 04:00:00+00:00,251.73,297.5
2025-03-14 04:00:00+00:00,252.88,299.83
2025-03-17 04:00:00+00:00,264.41,303.97
2025-03-18 04:00:00+00:00,269.78,303.6
2025-03-19 04:00:00+00:00,267.34,306.92
2025-03-20 04:00:00+00:00,266.83,307.0
2025-03-21 04:00:00+00:00,266.17,305.44
2025-03-24 04:00:00+00:00,271.72,305.67
2025-03-25 04:00:00+00:00,273.77,306.92
2025-03-26 04:00:00+00:00,270.48,313.58
2025-03-27 04:00:00+00:00,270.38,312.69
2025-03-28 04:00:00+00:00,264.58,307.09
2025-03-31 04:00:00+00:00,264.6,312.37
2025-04-01 04:00:00+00:00,264.74,313.63
2025-04-02 04:00:00+00:00,265.8,311.58
2025-04-03 04:00:00+00:00,265.48,318.27
2025-04-04 04:00:00+00:00,253.77,300.11
2025-04-07 04:00:00+00:00,254.71,299.89
2025-04-08 04:00:00+00:00,281.95,299.83
2025-04-09 04:00:00+00:00,285.53,303.96
2025-04-10 04:00:00+00:00,290.25,306.78
2025-04-11 04:00:00+00:00,295.04,309.9
2025-04-14 04:00:00+00:00,284.82,316.07
2025-04-15 04:00:00+00:00,286.78,312.48
2025-04-16 04:00:00+00:00,285.61,309.1
2025-04-17 04:00:00+00:00,264.48,311.3
2025-04-21 04:00:00+00:00,245.91,308.72
2025-04-22 04:00:00+00:00,258.92,319.08
2025-04-23 04:00:00+00:00,263.61,318.48
2025-04-24 04:00:00+00:00,267.83,316.22
2025-04-25 04:00:00+00:00,264.4,316.74
2025-04-28 04:00:00+00:00,263.2,316.81
2025-04-29 04:00:00+00:00,259.36,314.5
2025-04-30 04:00:00+00:00,262.24,319.65
2025-05-01 04:00:00+00:00,256.04,313.64
2025-05-02 04:00:00+00:00,258.48,311.96
2025-05-05 04:00:00+00:00,256.69,315.72
2025-05-06 04:00:00+00:00,251.77,316.79
2025-05-07 04:00:00+00:00,253.12,318.13
2025-05-08 04:00:00+00:00,253.35,313.49
2025-05-09 04:00:00+00:00,249.53,313.68
2025-05-12 04:00:00+00:00,252.86,311.92
2025-05-13 04:00:00+00:00,228.89,308.69
2025-05-14 04:00:00+00:00,230.47,307.5
2025-05-15 04:00:00+00:00,227.47,314.48
2025-05-16 04:00:00+00:00,237.96,318.61
2025-05-19 04:00:00+00:00,247.34,321.23
2025-05-20 04:00:00+00:00,255.31,319.8
2025-05-21 04:00:00+00:00,245.77,316.44
2025-05-22 04:00:00+00:00,227.14,314.31
2025-05-23 04:00:00+00:00,224.93,314.57
2025-05-27 04:00:00+00:00,226.61,314.95
2025-05-28 04:00:00+00:00,227.79,312.84
2025-05-29 04:00:00+00:00,230.08,311.86
2025-05-30 04:00:00+00:00,233.13,313.85
2025-06-02 04:00:00+00:00,231.39,312.68
2025-06-03 04:00:00+00:00,233.42,312.39
2025-06-04 04:00:00+00:00,230.83,311.57
2025-06-05 04:00:00+00:00,227.16,308.98
2025-06-06 04:00:00+00:00,230.7,307.36
2025-06-09 04:00:00+00:00,233.07,304.78
2025-06-10 04:00:00+00:00,231.98,300.43
2025-06-11 04:00:00+00:00,231.74,301.72
2025-06-12 04:00:00+00:00,234.96,303.16
2025-06-13 04:00:00+00:00,235.26,301.91
2025-06-16 04:00:00+00:00,235.39,296.29
2025-06-17 04:00:00+00:00,241.45,292.31
2025-06-18 04:00:00+00:00,243.4,289.63
2025-06-20 04:00:00+00:00,239.62,287.46
2025-06-23 04:00:00+00:00,234.66,289.52
2025-06-24 04:00:00+00:00,238.79,291.47
2025-06-25 04:00:00+00:00,238.51,285.55
2025-06-26 04:00:00+00:00,239.9,285.63
2025-06-27 04:00:00+00:00,241.88,291.55
2025-06-30 04:00:00+00:00,244.48,292.17
2025-07-01 04:00:00+00:00,252.58,297.49
2025-07-02 04:00:00+00:00,243.79,294.63
2025-07-03 04:00:00+00:00,239.68,294.08
2025-07-07 04:00:00+00:00,237.21,293.53
2025-07-08 04:00:00+00:00,237.49,291.67
2025-07-09 04:00:00+00:00,236.7,293.02
2025-07-10 04:00:00+00:00,232.18,298.39
2025-07-11 04:00:00+00:00,230.67,299.91
2025-07-14 04:00:00+00:00,227.46,301.88
2025-07-15 04:00:00+00:00,221.9,299.62
2025-07-16 04:00:00+00:00,226.56,298.9
2025-07-17 04:00:00+00:00,223.55,300.37
2025-07-18 04:00:00+00:00,220.41,297.07
2025-07-21 04:00:00+00:00,223.43,295.74
2025-07-22 04:00:00+00:00,231.12,299.17
2025-07-23 04:00:00+00:00,237.12,298.12
2025-07-24 04:00:00+00:00,229.21,294.48
2025-07-25 04:00:00+00:00,237.98,298.47
2025-07-28 04:00:00+00:00,231.52,299.22
2025-07-29 04:00:00+00:00,232.62,302.67
2025-07-30 04:00:00+00:00,261.47,303.61
2025-07-31 04:00:00+00:00,249.87,300.07
